cell,cellid,ET_X,ET_Y,SubPopulat
c40619,40619,517800,2847000,A1
c40620,40620,518200,2847000,A1
c40621,40621,518600,2847000,A1
c40622,40622,519000,2847000,A1
c40625,40625,520200,2847000,A1
c40626,40626,520600,2847000,A1
c40627,40627,521000,2847000,A1
c40628,40628,521400,2847000,A1
c40797,40797,516200,2846600,A1
c40798,40798,516600,2846600,A1
c40799,40799,517000,2846600,A1
c40800,40800,517400,2846600,A1
c40801,40801,517800,2846600,A1
c40802,40802,518200,2846600,A1
c40803,40803,518600,2846600,A1
c40804,40804,519000,2846600,A1
c40805,40805,519400,2846600,A1
c40806,40806,519800,2846600,A1
c40807,40807,520200,2846600,A1
c40808,40808,520600,2846600,A1
c40809,40809,521000,2846600,A1
c40810,40810,521400,2846600,A1
c40977,40977,515800,2846200,A1
c40978,40978,516200,2846200,A1
c40979,40979,516600,2846200,A1
c40980,40980,517000,2846200,A1
c40981,40981,517400,2846200,A1
c40982,40982,517800,2846200,A1
c40983,40983,518200,2846200,A1
c40984,40984,518600,2846200,A1
c40985,40985,519000,2846200,A1
c40986,40986,519400,2846200,A1
c40987,40987,519800,2846200,A1
c40988,40988,520200,2846200,A1
c40989,40989,520600,2846200,A1
c40990,40990,521000,2846200,A1
c40991,40991,521400,2846200,A1
c41155,41155,515000,2845800,A1
c41156,41156,515400,2845800,A1
c41157,41157,515800,2845800,A1
c41158,41158,516200,2845800,A1
c41159,41159,516600,2845800,A1
c41160,41160,517000,2845800,A1
c41161,41161,517400,2845800,A1
c41162,41162,517800,2845800,A1
c41163,41163,518200,2845800,A1
c41164,41164,518600,2845800,A1
c41165,41165,519000,2845800,A1
c41166,41166,519400,2845800,A1
c41167,41167,519800,2845800,A1
c41168,41168,520200,2845800,A1
c41169,41169,520600,2845800,A1
c41170,41170,521000,2845800,A1
c41171,41171,521400,2845800,A1
c41333,41333,514600,2845400,A1
c41334,41334,515000,2845400,A1
c41335,41335,515400,2845400,A1
c41336,41336,515800,2845400,A1
c41337,41337,516200,2845400,A1
c41338,41338,516600,2845400,A1
c41339,41339,517000,2845400,A1
c41340,41340,517400,2845400,A1
c41341,41341,517800,2845400,A1
c41342,41342,518200,2845400,A1
c41343,41343,518600,2845400,A1
c41344,41344,519000,2845400,A1
c41345,41345,519400,2845400,A1
c41346,41346,519800,2845400,A1
c41347,41347,520200,2845400,A1
c41348,41348,520600,2845400,A1
c41349,41349,521000,2845400,A1
c41350,41350,521400,2845400,A1
c41351,41351,521800,2845400,A1
c41511,41511,514200,2845000,A1
c41512,41512,514600,2845000,A1
c41513,41513,515000,2845000,A1
c41514,41514,515400,2845000,A1
c41515,41515,515800,2845000,A1
c41516,41516,516200,2845000,A1
c41517,41517,516600,2845000,A1
c41518,41518,517000,2845000,A1
c41519,41519,517400,2845000,A1
c41520,41520,517800,2845000,A1
c41521,41521,518200,2845000,A1
c41522,41522,518600,2845000,A1
c41523,41523,519000,2845000,A1
c41524,41524,519400,2845000,A1
c41525,41525,519800,2845000,A1
c41526,41526,520200,2845000,A1
c41527,41527,520600,2845000,A1
c41528,41528,521000,2845000,A1
c41529,41529,521400,2845000,A1
c41530,41530,521800,2845000,A1
c41531,41531,522200,2845000,A1
c41688,41688,513800,2844600,A1
c41689,41689,514200,2844600,A1
c41690,41690,514600,2844600,A1
c41691,41691,515000,2844600,A1
c41692,41692,515400,2844600,A1
c41693,41693,515800,2844600,A1
c41694,41694,516200,2844600,A1
c41695,41695,516600,2844600,A1
c41696,41696,517000,2844600,A1
c41697,41697,517400,2844600,A1
c41698,41698,517800,2844600,A1
c41699,41699,518200,2844600,A1
c41700,41700,518600,2844600,A1
c41701,41701,519000,2844600,A1
c41702,41702,519400,2844600,A1
c41703,41703,519800,2844600,A1
c41704,41704,520200,2844600,A1
c41705,41705,520600,2844600,A1
c41706,41706,521000,2844600,A1
c41707,41707,521400,2844600,A1
c41708,41708,521800,2844600,A1
c41709,41709,522200,2844600,A1
c41864,41864,513400,2844200,A1
c41865,41865,513800,2844200,A1
c41866,41866,514200,2844200,A1
c41867,41867,514600,2844200,A1
c41868,41868,515000,2844200,A1
c41869,41869,515400,2844200,A1
c41870,41870,515800,2844200,A1
c41871,41871,516200,2844200,A1
c41872,41872,516600,2844200,A1
c41873,41873,517000,2844200,A1
c41874,41874,517400,2844200,A1
c41875,41875,517800,2844200,A1
c41876,41876,518200,2844200,A1
c41877,41877,518600,2844200,A1
c41878,41878,519000,2844200,A1
c41879,41879,519400,2844200,A1
c41880,41880,519800,2844200,A1
c41881,41881,520200,2844200,A1
c41882,41882,520600,2844200,A1
c41883,41883,521000,2844200,A1
c41884,41884,521400,2844200,A1
c41885,41885,521800,2844200,A1
c41886,41886,522200,2844200,A1
c42041,42041,513400,2843800,A1
c42042,42042,513800,2843800,A1
c42043,42043,514200,2843800,A1
c42044,42044,514600,2843800,A1
c42045,42045,515000,2843800,A1
c42046,42046,515400,2843800,A1
c42047,42047,515800,2843800,A1
c42048,42048,516200,2843800,A1
c42049,42049,516600,2843800,A1
c42050,42050,517000,2843800,A1
c42051,42051,517400,2843800,A1
c42052,42052,517800,2843800,A1
c42053,42053,518200,2843800,A1
c42054,42054,518600,2843800,A1
c42055,42055,519000,2843800,A1
c42056,42056,519400,2843800,A1
c42057,42057,519800,2843800,A1
c42058,42058,520200,2843800,A1
c42059,42059,520600,2843800,A1
c42060,42060,521000,2843800,A1
c42061,42061,521400,2843800,A1
c42062,42062,521800,2843800,A1
c42063,42063,522200,2843800,A1
c42217,42217,513400,2843400,A1
c42218,42218,513800,2843400,A1
c42219,42219,514200,2843400,A1
c42220,42220,514600,2843400,A1
c42221,42221,515000,2843400,A1
c42222,42222,515400,2843400,A1
c42223,42223,515800,2843400,A1
c42224,42224,516200,2843400,A1
c42225,42225,516600,2843400,A1
c42226,42226,517000,2843400,A1
c42227,42227,517400,2843400,A1
c42228,42228,517800,2843400,A1
c42229,42229,518200,2843400,A1
c42230,42230,518600,2843400,A1
c42231,42231,519000,2843400,A1
c42232,42232,519400,2843400,A1
c42233,42233,519800,2843400,A1
c42234,42234,520200,2843400,A1
c42235,42235,520600,2843400,A1
c42236,42236,521000,2843400,A1
c42237,42237,521400,2843400,A1
c42238,42238,521800,2843400,A1
c42391,42391,513000,2843000,A1
c42392,42392,513400,2843000,A1
c42393,42393,513800,2843000,A1
c42394,42394,514200,2843000,A1
c42395,42395,514600,2843000,A1
c42396,42396,515000,2843000,A1
c42397,42397,515400,2843000,A1
c42398,42398,515800,2843000,A1
c42399,42399,516200,2843000,A1
c42400,42400,516600,2843000,A1
c42401,42401,517000,2843000,A1
c42402,42402,517400,2843000,A1
c42403,42403,517800,2843000,A1
c42404,42404,518200,2843000,A1
c42405,42405,518600,2843000,A1
c42406,42406,519000,2843000,A1
c42407,42407,519400,2843000,A1
c42408,42408,519800,2843000,A1
c42409,42409,520200,2843000,A1
c42410,42410,520600,2843000,A1
c42411,42411,521000,2843000,A1
c42412,42412,521400,2843000,A1
c42565,42565,513000,2842600,A1
c42566,42566,513400,2842600,A1
c42567,42567,513800,2842600,A1
c42568,42568,514200,2842600,A1
c42569,42569,514600,2842600,A1
c42570,42570,515000,2842600,A1
c42571,42571,515400,2842600,A1
c42572,42572,515800,2842600,A1
c42573,42573,516200,2842600,A1
c42574,42574,516600,2842600,A1
c42575,42575,517000,2842600,A1
c42576,42576,517400,2842600,A1
c42577,42577,517800,2842600,A1
c42578,42578,518200,2842600,A1
c42579,42579,518600,2842600,A1
c42580,42580,519000,2842600,A1
c42581,42581,519400,2842600,A1
c42582,42582,519800,2842600,A1
c42583,42583,520200,2842600,A1
c42584,42584,520600,2842600,A1
c42585,42585,521000,2842600,A1
c42586,42586,521400,2842600,A1
c42739,42739,513000,2842200,A1
c42740,42740,513400,2842200,A1
c42741,42741,513800,2842200,A1
c42742,42742,514200,2842200,A1
c42743,42743,514600,2842200,A1
c42744,42744,515000,2842200,A1
c42745,42745,515400,2842200,A1
c42746,42746,515800,2842200,A1
c42747,42747,516200,2842200,A1
c42748,42748,516600,2842200,A1
c42749,42749,517000,2842200,A1
c42750,42750,517400,2842200,A1
c42751,42751,517800,2842200,A1
c42752,42752,518200,2842200,A1
c42753,42753,518600,2842200,A1
c42754,42754,519000,2842200,A1
c42755,42755,519400,2842200,A1
c42756,42756,519800,2842200,A1
c42757,42757,520200,2842200,A1
c42758,42758,520600,2842200,A1
c42759,42759,521000,2842200,A1
c42760,42760,521400,2842200,A1
c42912,42912,513000,2841800,A1
c42913,42913,513400,2841800,A1
c42914,42914,513800,2841800,A1
c42915,42915,514200,2841800,A1
c42916,42916,514600,2841800,A1
c42917,42917,515000,2841800,A1
c42918,42918,515400,2841800,A1
c42919,42919,515800,2841800,A1
c42920,42920,516200,2841800,A1
c42921,42921,516600,2841800,A1
c42922,42922,517000,2841800,A1
c42923,42923,517400,2841800,A1
c42924,42924,517800,2841800,A1
c42925,42925,518200,2841800,A1
c42926,42926,518600,2841800,A1
c42927,42927,519000,2841800,A1
c42928,42928,519400,2841800,A1
c42929,42929,519800,2841800,A1
c42930,42930,520200,2841800,A1
c42931,42931,520600,2841800,A1
c42932,42932,521000,2841800,A1
c42933,42933,521400,2841800,A1
c43084,43084,513000,2841400,A1
c43085,43085,513400,2841400,A1
c43086,43086,513800,2841400,A1
c43087,43087,514200,2841400,A1
c43088,43088,514600,2841400,A1
c43089,43089,515000,2841400,A1
c43090,43090,515400,2841400,A1
c43091,43091,515800,2841400,A1
c43092,43092,516200,2841400,A1
c43093,43093,516600,2841400,A1
c43094,43094,517000,2841400,A1
c43095,43095,517400,2841400,A1
c43096,43096,517800,2841400,A1
c43097,43097,518200,2841400,A1
c43098,43098,518600,2841400,A1
c43099,43099,519000,2841400,A1
c43100,43100,519400,2841400,A1
c43101,43101,519800,2841400,A1
c43102,43102,520200,2841400,A1
c43103,43103,520600,2841400,A1
c43104,43104,521000,2841400,A1
c43105,43105,521400,2841400,A1
c43255,43255,513000,2841000,A1
c43256,43256,513400,2841000,A1
c43257,43257,513800,2841000,A1
c43258,43258,514200,2841000,A1
c43259,43259,514600,2841000,A1
c43260,43260,515000,2841000,A1
c43261,43261,515400,2841000,A1
c43262,43262,515800,2841000,A1
c43263,43263,516200,2841000,A1
c43264,43264,516600,2841000,A1
c43265,43265,517000,2841000,A1
c43266,43266,517400,2841000,A1
c43267,43267,517800,2841000,A1
c43268,43268,518200,2841000,A1
c43269,43269,518600,2841000,A1
c43270,43270,519000,2841000,A1
c43271,43271,519400,2841000,A1
c43272,43272,519800,2841000,A1
c43273,43273,520200,2841000,A1
c43274,43274,520600,2841000,A1
c43426,43426,513000,2840600,A1
c43427,43427,513400,2840600,A1
c43428,43428,513800,2840600,A1
c43429,43429,514200,2840600,A1
c43430,43430,514600,2840600,A1
c43431,43431,515000,2840600,A1
c43432,43432,515400,2840600,A1
c43433,43433,515800,2840600,A1
c43434,43434,516200,2840600,A1
c43435,43435,516600,2840600,A1
c43436,43436,517000,2840600,A1
c43437,43437,517400,2840600,A1
c43438,43438,517800,2840600,A1
c43439,43439,518200,2840600,A1
c43440,43440,518600,2840600,A1
c43441,43441,519000,2840600,A1
c43442,43442,519400,2840600,A1
c43443,43443,519800,2840600,A1
c43596,43596,513000,2840200,A1
c43597,43597,513400,2840200,A1
c43598,43598,513800,2840200,A1
c43599,43599,514200,2840200,A1
c43600,43600,514600,2840200,A1
c43601,43601,515000,2840200,A1
c43602,43602,515400,2840200,A1
c43603,43603,515800,2840200,A1
c43604,43604,516200,2840200,A1
c43605,43605,516600,2840200,A1
c43606,43606,517000,2840200,A1
c43607,43607,517400,2840200,A1
c43608,43608,517800,2840200,A1
c43609,43609,518200,2840200,A1
c43610,43610,518600,2840200,A1
c43611,43611,519000,2840200,A1
c43612,43612,519400,2840200,A1
c43613,43613,519800,2840200,A1
c43764,43764,512600,2839800,A1
c43765,43765,513000,2839800,A1
c43766,43766,513400,2839800,A1
c43767,43767,513800,2839800,A1
c43768,43768,514200,2839800,A1
c43769,43769,514600,2839800,A1
c43770,43770,515000,2839800,A1
c43771,43771,515400,2839800,A1
c43772,43772,515800,2839800,A1
c43773,43773,516200,2839800,A1
c43774,43774,516600,2839800,A1
c43775,43775,517000,2839800,A1
c43776,43776,517400,2839800,A1
c43777,43777,517800,2839800,A1
c43778,43778,518200,2839800,A1
c43779,43779,518600,2839800,A1
c43780,43780,519000,2839800,A1
c43781,43781,519400,2839800,A1
c43782,43782,519800,2839800,A1
c43933,43933,512600,2839400,A1
c43934,43934,513000,2839400,A1
c43935,43935,513400,2839400,A1
c43936,43936,513800,2839400,A1
c43937,43937,514200,2839400,A1
c43938,43938,514600,2839400,A1
c43939,43939,515000,2839400,A1
c43940,43940,515400,2839400,A1
c43941,43941,515800,2839400,A1
c43942,43942,516200,2839400,A1
c43943,43943,516600,2839400,A1
c43944,43944,517000,2839400,A1
c43945,43945,517400,2839400,A1
c43946,43946,517800,2839400,A1
c43947,43947,518200,2839400,A1
c43948,43948,518600,2839400,A1
c43949,43949,519000,2839400,A1
c43950,43950,519400,2839400,A1
c43951,43951,519800,2839400,A1
c44101,44101,512600,2839000,A1
c44102,44102,513000,2839000,A1
c44103,44103,513400,2839000,A1
c44104,44104,513800,2839000,A1
c44105,44105,514200,2839000,A1
c44106,44106,514600,2839000,A1
c44107,44107,515000,2839000,A1
c44108,44108,515400,2839000,A1
c44109,44109,515800,2839000,A1
c44110,44110,516200,2839000,A1
c44111,44111,516600,2839000,A1
c44112,44112,517000,2839000,A1
c44113,44113,517400,2839000,A1
c44114,44114,517800,2839000,A1
c44115,44115,518200,2839000,A1
c44116,44116,518600,2839000,A1
c44117,44117,519000,2839000,A1
c44118,44118,519400,2839000,A1
c44119,44119,519800,2839000,A1
c44272,44272,514200,2838600,A1
c44273,44273,514600,2838600,A1
c44274,44274,515000,2838600,A1
c44275,44275,515400,2838600,A1
c44276,44276,515800,2838600,A1
c44277,44277,516200,2838600,A1
c44278,44278,516600,2838600,A1
c44279,44279,517000,2838600,A1
c44280,44280,517400,2838600,A1
c44281,44281,517800,2838600,A1
c44282,44282,518200,2838600,A1
c44283,44283,518600,2838600,A1
c44284,44284,519000,2838600,A1
c44285,44285,519400,2838600,A1
c44286,44286,519800,2838600,A1
c44438,44438,514200,2838200,A1
c44439,44439,514600,2838200,A1
c44440,44440,515000,2838200,A1
c44441,44441,515400,2838200,A1
c44442,44442,515800,2838200,A1
c44443,44443,516200,2838200,A1
c44444,44444,516600,2838200,A1
c44445,44445,517000,2838200,A1
c44446,44446,517400,2838200,A1
c44447,44447,517800,2838200,A1
c44448,44448,518200,2838200,A1
c44449,44449,518600,2838200,A1
c44450,44450,519000,2838200,A1
c44451,44451,519400,2838200,A1
c44452,44452,519800,2838200,A1
c44602,44602,513400,2837800,A1
c44603,44603,513800,2837800,A1
c44604,44604,514200,2837800,A1
c44605,44605,514600,2837800,A1
c44606,44606,515000,2837800,A1
c44607,44607,515400,2837800,A1
c44608,44608,515800,2837800,A1
c44609,44609,516200,2837800,A1
c44610,44610,516600,2837800,A1
c44611,44611,517000,2837800,A1
c44612,44612,517400,2837800,A1
c44613,44613,517800,2837800,A1
c44614,44614,518200,2837800,A1
c44615,44615,518600,2837800,A1
c44616,44616,519000,2837800,A1
c44617,44617,519400,2837800,A1
c44767,44767,513400,2837400,A1
c44768,44768,513800,2837400,A1
c44769,44769,514200,2837400,A1
c44770,44770,514600,2837400,A1
c44771,44771,515000,2837400,A1
c44772,44772,515400,2837400,A1
c44773,44773,515800,2837400,A1
c44774,44774,516200,2837400,A1
c44775,44775,516600,2837400,A1
c44776,44776,517000,2837400,A1
c44777,44777,517400,2837400,A1
c44778,44778,517800,2837400,A1
c44779,44779,518200,2837400,A1
c44780,44780,518600,2837400,A1
c44781,44781,519000,2837400,A1
c44782,44782,519400,2837400,A1
c44930,44930,513000,2837000,A1
c44931,44931,513400,2837000,A1
c44932,44932,513800,2837000,A1
c44933,44933,514200,2837000,A1
c44934,44934,514600,2837000,A1
c44935,44935,515000,2837000,A1
c44936,44936,515400,2837000,A1
c44937,44937,515800,2837000,A1
c44938,44938,516200,2837000,A1
c44939,44939,516600,2837000,A1
c44940,44940,517000,2837000,A1
c44941,44941,517400,2837000,A1
c44942,44942,517800,2837000,A1
c44943,44943,518200,2837000,A1
c44944,44944,518600,2837000,A1
c44945,44945,519000,2837000,A1
c44946,44946,519400,2837000,A1
c45094,45094,513000,2836600,A1
c45095,45095,513400,2836600,A1
c45096,45096,513800,2836600,A1
c45097,45097,514200,2836600,A1
c45098,45098,514600,2836600,A1
c45099,45099,515000,2836600,A1
c45100,45100,515400,2836600,A1
c45101,45101,515800,2836600,A1
c45102,45102,516200,2836600,A1
c45103,45103,516600,2836600,A1
c45104,45104,517000,2836600,A1
c45105,45105,517400,2836600,A1
c45106,45106,517800,2836600,A1
c45107,45107,518200,2836600,A1
c45108,45108,518600,2836600,A1
c45109,45109,519000,2836600,A1
c45110,45110,519400,2836600,A1
c45257,45257,513000,2836200,A1
c45258,45258,513400,2836200,A1
c45259,45259,513800,2836200,A1
c45260,45260,514200,2836200,A1
c45261,45261,514600,2836200,A1
c45262,45262,515000,2836200,A1
c45265,45265,516200,2836200,A1
c45266,45266,516600,2836200,A1
c45267,45267,517000,2836200,A1
c45268,45268,517400,2836200,A1
c45269,45269,517800,2836200,A1
c45270,45270,518200,2836200,A1
c45271,45271,518600,2836200,A1
c45272,45272,519000,2836200,A1
c45273,45273,519400,2836200,A1
c45427,45427,516200,2835800,A1
c45428,45428,516600,2835800,A1
c45429,45429,517000,2835800,A1
c45430,45430,517400,2835800,A1
c45431,45431,517800,2835800,A1
c45432,45432,518200,2835800,A1
c45433,45433,518600,2835800,A1
c46219,46219,514600,2833800,A2
c46220,46220,515000,2833800,A2
c46221,46221,515400,2833800,A2
c46222,46222,515800,2833800,A2
c46223,46223,516200,2833800,A2
c46374,46374,514600,2833400,A2
c46375,46375,515000,2833400,A2
c46376,46376,515400,2833400,A2
c46377,46377,515800,2833400,A2
c46378,46378,516200,2833400,A2
c46526,46526,514200,2833000,A2
c46527,46527,514600,2833000,A2
c46528,46528,515000,2833000,A2
c46529,46529,515400,2833000,A2
c46530,46530,515800,2833000,A2
c46531,46531,516200,2833000,A2
c46675,46675,513400,2832600,A2
c46676,46676,513800,2832600,A2
c46677,46677,514200,2832600,A2
c46678,46678,514600,2832600,A2
c46679,46679,515000,2832600,A2
c46680,46680,515400,2832600,A2
c46681,46681,515800,2832600,A2
c46682,46682,516200,2832600,A2
c46823,46823,512600,2832200,A2
c46824,46824,513000,2832200,A2
c46825,46825,513400,2832200,A2
c46826,46826,513800,2832200,A2
c46827,46827,514200,2832200,A2
c46828,46828,514600,2832200,A2
c46829,46829,515000,2832200,A2
c46830,46830,515400,2832200,A2
c46831,46831,515800,2832200,A2
c46832,46832,516200,2832200,A2
c46969,46969,511000,2831800,A2
c46970,46970,511400,2831800,A2
c46971,46971,511800,2831800,A2
c46972,46972,512200,2831800,A2
c46973,46973,512600,2831800,A2
c46974,46974,513000,2831800,A2
c46975,46975,513400,2831800,A2
c46976,46976,513800,2831800,A2
c46977,46977,514200,2831800,A2
c46978,46978,514600,2831800,A2
c46979,46979,515000,2831800,A2
c46980,46980,515400,2831800,A2
c46981,46981,515800,2831800,A2
c47116,47116,510600,2831400,A2
c47117,47117,511000,2831400,A2
c47118,47118,511400,2831400,A2
c47119,47119,511800,2831400,A2
c47120,47120,512200,2831400,A2
c47121,47121,512600,2831400,A2
c47122,47122,513000,2831400,A2
c47123,47123,513400,2831400,A2
c47124,47124,513800,2831400,A2
c47125,47125,514200,2831400,A2
c47126,47126,514600,2831400,A2
c47127,47127,515000,2831400,A2
c47128,47128,515400,2831400,A2
c47129,47129,515800,2831400,A2
c47261,47261,509800,2831000,A2
c47262,47262,510200,2831000,A2
c47263,47263,510600,2831000,A2
c47264,47264,511000,2831000,A2
c47265,47265,511400,2831000,A2
c47266,47266,511800,2831000,A2
c47267,47267,512200,2831000,A2
c47268,47268,512600,2831000,A2
c47269,47269,513000,2831000,A2
c47270,47270,513400,2831000,A2
c47271,47271,513800,2831000,A2
c47272,47272,514200,2831000,A2
c47273,47273,514600,2831000,A2
c47274,47274,515000,2831000,A2
c47275,47275,515400,2831000,A2
c47276,47276,515800,2831000,A2
c47406,47406,509800,2830600,A2
c47407,47407,510200,2830600,A2
c47408,47408,510600,2830600,A2
c47409,47409,511000,2830600,A2
c47410,47410,511400,2830600,A2
c47411,47411,511800,2830600,A2
c47412,47412,512200,2830600,A2
c47413,47413,512600,2830600,A2
c47414,47414,513000,2830600,A2
c47415,47415,513400,2830600,A2
c47416,47416,513800,2830600,A2
c47417,47417,514200,2830600,A2
c47418,47418,514600,2830600,A2
c47419,47419,515000,2830600,A2
c47420,47420,515400,2830600,A2
c47421,47421,515800,2830600,A2
c47549,47549,509800,2830200,A2
c47550,47550,510200,2830200,A2
c47551,47551,510600,2830200,A2
c47552,47552,511000,2830200,A2
c47553,47553,511400,2830200,A2
c47554,47554,511800,2830200,A2
c47555,47555,512200,2830200,A2
c47556,47556,512600,2830200,A2
c47557,47557,513000,2830200,A2
c47558,47558,513400,2830200,A2
c47559,47559,513800,2830200,A2
c47560,47560,514200,2830200,A2
c47561,47561,514600,2830200,A2
c47562,47562,515000,2830200,A2
c47563,47563,515400,2830200,A2
c47564,47564,515800,2830200,A2
c47565,47565,516200,2830200,A2
c47691,47691,509800,2829800,A2
c47692,47692,510200,2829800,A2
c47693,47693,510600,2829800,A2
c47694,47694,511000,2829800,A2
c47695,47695,511400,2829800,A2
c47696,47696,511800,2829800,A2
c47697,47697,512200,2829800,A2
c47698,47698,512600,2829800,A2
c47699,47699,513000,2829800,A2
c47700,47700,513400,2829800,A2
c47701,47701,513800,2829800,A2
c47702,47702,514200,2829800,A2
c47703,47703,514600,2829800,A2
c47704,47704,515000,2829800,A2
c47705,47705,515400,2829800,A2
c47706,47706,515800,2829800,A2
c47707,47707,516200,2829800,A2
c47822,47822,509400,2829400,A2
c47823,47823,509800,2829400,A2
c47824,47824,510200,2829400,A2
c47825,47825,510600,2829400,A2
c47826,47826,511000,2829400,A2
c47827,47827,511400,2829400,A2
c47828,47828,511800,2829400,A2
c47829,47829,512200,2829400,A2
c47830,47830,512600,2829400,A2
c47831,47831,513000,2829400,A2
c47832,47832,513400,2829400,A2
c47833,47833,513800,2829400,A2
c47834,47834,514200,2829400,A2
c47835,47835,514600,2829400,A2
c47836,47836,515000,2829400,A2
c47837,47837,515400,2829400,A2
c47838,47838,515800,2829400,A2
c47839,47839,516200,2829400,A2
c47951,47951,509400,2829000,A2
c47952,47952,509800,2829000,A2
c47953,47953,510200,2829000,A2
c47954,47954,510600,2829000,A2
c47955,47955,511000,2829000,A2
c47956,47956,511400,2829000,A2
c47957,47957,511800,2829000,A2
c47958,47958,512200,2829000,A2
c47959,47959,512600,2829000,A2
c47960,47960,513000,2829000,A2
c47961,47961,513400,2829000,A2
c47962,47962,513800,2829000,A2
c47963,47963,514200,2829000,A2
c47964,47964,514600,2829000,A2
c47965,47965,515000,2829000,A2
c47966,47966,515400,2829000,A2
c47967,47967,515800,2829000,A2
c47968,47968,516200,2829000,A2
c48079,48079,509400,2828600,A2
c48080,48080,509800,2828600,A2
c48081,48081,510200,2828600,A2
c48082,48082,510600,2828600,A2
c48083,48083,511000,2828600,A2
c48084,48084,511400,2828600,A2
c48085,48085,511800,2828600,A2
c48086,48086,512200,2828600,A2
c48087,48087,512600,2828600,A2
c48088,48088,513000,2828600,A2
c48089,48089,513400,2828600,A2
c48090,48090,513800,2828600,A2
c48091,48091,514200,2828600,A2
c48092,48092,514600,2828600,A2
c48093,48093,515000,2828600,A2
c48094,48094,515400,2828600,A2
c48095,48095,515800,2828600,A2
c48096,48096,516200,2828600,A2
c48097,48097,516600,2828600,A2
c48098,48098,517000,2828600,A2
c48099,48099,517400,2828600,A2
c48206,48206,509400,2828200,A2
c48207,48207,509800,2828200,A2
c48208,48208,510200,2828200,A2
c48209,48209,510600,2828200,A2
c48210,48210,511000,2828200,A2
c48211,48211,511400,2828200,A2
c48212,48212,511800,2828200,A2
c48213,48213,512200,2828200,A2
c48214,48214,512600,2828200,A2
c48215,48215,513000,2828200,A2
c48216,48216,513400,2828200,A2
c48217,48217,513800,2828200,A2
c48218,48218,514200,2828200,A2
c48219,48219,514600,2828200,A2
c48220,48220,515000,2828200,A2
c48221,48221,515400,2828200,A2
c48222,48222,515800,2828200,A2
c48223,48223,516200,2828200,A2
c48224,48224,516600,2828200,A2
c48225,48225,517000,2828200,A2
c48226,48226,517400,2828200,A2
c48331,48331,509400,2827800,A2
c48332,48332,509800,2827800,A2
c48333,48333,510200,2827800,A2
c48334,48334,510600,2827800,A2
c48335,48335,511000,2827800,A2
c48336,48336,511400,2827800,A2
c48337,48337,511800,2827800,A2
c48338,48338,512200,2827800,A2
c48339,48339,512600,2827800,A2
c48340,48340,513000,2827800,A2
c48341,48341,513400,2827800,A2
c48342,48342,513800,2827800,A2
c48343,48343,514200,2827800,A2
c48344,48344,514600,2827800,A2
c48345,48345,515000,2827800,A2
c48346,48346,515400,2827800,A2
c48347,48347,515800,2827800,A2
c48348,48348,516200,2827800,A2
c48349,48349,516600,2827800,A2
c48350,48350,517000,2827800,A2
c48351,48351,517400,2827800,A2
c48461,48461,512200,2827400,A2
c48462,48462,512600,2827400,A2
c48463,48463,513000,2827400,A2
c48464,48464,513400,2827400,A2
c48465,48465,513800,2827400,A2
c48466,48466,514200,2827400,A2
c48467,48467,514600,2827400,A2
c48468,48468,515000,2827400,A2
c48469,48469,515400,2827400,A2
c48470,48470,515800,2827400,A2
c48471,48471,516200,2827400,A2
c48472,48472,516600,2827400,A2
c48473,48473,517000,2827400,A2
c48474,48474,517400,2827400,A2
c48582,48582,511800,2827000,A2
c48583,48583,512200,2827000,A2
c48584,48584,512600,2827000,A2
c48585,48585,513000,2827000,A2
c48586,48586,513400,2827000,A2
c48587,48587,513800,2827000,A2
c48588,48588,514200,2827000,A2
c48589,48589,514600,2827000,A2
c48590,48590,515000,2827000,A2
c48591,48591,515400,2827000,A2
c48592,48592,515800,2827000,A2
c48593,48593,516200,2827000,A2
c48594,48594,516600,2827000,A2
c48595,48595,517000,2827000,A2
c48596,48596,517400,2827000,A2
c48702,48702,511800,2826600,A2
c48703,48703,512200,2826600,A2
c48704,48704,512600,2826600,A2
c48705,48705,513000,2826600,A2
c48706,48706,513400,2826600,A2
c48707,48707,513800,2826600,A2
c48708,48708,514200,2826600,A2
c48709,48709,514600,2826600,A2
c48710,48710,515000,2826600,A2
c48711,48711,515400,2826600,A2
c48712,48712,515800,2826600,A2
c48713,48713,516200,2826600,A2
c48714,48714,516600,2826600,A2
c48715,48715,517000,2826600,A2
c48821,48821,511800,2826200,A2
c48822,48822,512200,2826200,A2
c48823,48823,512600,2826200,A2
c48824,48824,513000,2826200,A2
c48825,48825,513400,2826200,A2
c48826,48826,513800,2826200,A2
c48827,48827,514200,2826200,A2
c48828,48828,514600,2826200,A2
c48829,48829,515000,2826200,A2
c48830,48830,515400,2826200,A2
c48831,48831,515800,2826200,A2
c48832,48832,516200,2826200,A2
c48941,48941,512600,2825800,A2
c48942,48942,513000,2825800,A2
c48943,48943,513400,2825800,A2
c48944,48944,513800,2825800,A2
c48945,48945,514200,2825800,A2
c48946,48946,514600,2825800,A2
c48947,48947,515000,2825800,A2
c48948,48948,515400,2825800,A2
c48949,48949,515800,2825800,A2
c48950,48950,516200,2825800,A2
c49058,49058,513000,2825400,A2
c49059,49059,513400,2825400,A2
c49060,49060,513800,2825400,A2
c49061,49061,514200,2825400,A2
c49062,49062,514600,2825400,A2
c49063,49063,515000,2825400,A2
c49064,49064,515400,2825400,A2
c49174,49174,513800,2825000,A2
c49175,49175,514200,2825000,A2
c49176,49176,514600,2825000,A2
c49177,49177,515000,2825000,A2
